{"_runtime":798.571031864,"lr":5e-06,"_timestamp":1.768663794222921e+09,"_step":821,"loss":0.15221670269966125,"_wandb":{"runtime":798}}