{"_runtime":1350.080177361,"_step":2000,"loss":0.027913812547922134,"lr":2e-06,"_timestamp":1.7687467325457075e+09,"_wandb":{"runtime":1350}}