{"_runtime":2849.730980179,"_step":3000,"loss":0.19161459803581238,"lr":0.0001,"_timestamp":1.768753469175599e+09,"_wandb":{"runtime":2849}}