{"loss":0.07214697450399399,"lr":5e-06,"_timestamp":1.7686654752050624e+09,"_step":400,"_wandb":{"runtime":588},"_runtime":588.055892208}